film_name,wikidata_QID,IMDb_ID,IMDb_URL,IMDb_locations_URL,place,ncg_ID
10 Rules for Sleeping Around,Q18538790,tt1993391,https://www.imdb.com/title/tt1993391,https://www.imdb.com/title/tt1993391/locations?ref_=tt_ql_sm,Charlotte,NCG02916
28 Days,Q221098,tt0191754,https://www.imdb.com/title/tt0191754,https://www.imdb.com/title/tt0191754/locations?ref_=tt_ql_sm,Asheville|Black Mountain|Wilmington,NCG00366|NCG01420|NCG16454
29th Street,Q578700,tt0101252,https://www.imdb.com/title/tt0101252,https://www.imdb.com/title/tt0101252/locations?ref_=tt_ql_sm,Charlotte|Wilmington,NCG02916|NCG16454
3: The Dale Earnhardt Story,Q4636202,tt0401088,https://www.imdb.com/title/tt0401088,https://www.imdb.com/title/tt0401088/locations?ref_=tt_ql_sm,Charlotte|Rockingham,NCG02916|NCG12974
A Breed Apart,Q2626332,tt0087001,https://www.imdb.com/title/tt0087001,https://www.imdb.com/title/tt0087001/locations?ref_=tt_ql_sm,Chimney Rock|Lake Lure|Asheville|Biltmore Estate,NCG03059|NCG08377|NCG00366|NCG01361
A Burning Passion: The Margaret Mitchell Story,Q4655687,tt0109350,https://www.imdb.com/title/tt0109350,https://www.imdb.com/title/tt0109350/locations?ref_=tt_ql_sm,Durham|Wilmington,NCG04584|NCG16454
A Cinderella Story: Once Upon a Song,Q2705401,tt1814614,https://www.imdb.com/title/tt1814614,https://www.imdb.com/title/tt1814614/locations?ref_=tt_ql_sm,Wilmington,NCG16454
A Different Kind of Christmas,Q47069866,tt0182983,https://www.imdb.com/title/tt0182983,https://www.imdb.com/title/tt0182983/locations?ref_=tt_ql_sm,Wilmington,NCG16454
A Good Baby,Q4657088,tt0155723,https://www.imdb.com/title/tt0155723,https://www.imdb.com/title/tt0155723/locations?ref_=tt_ql_sm,Asheville|Sandy Mush,NCG00366|NCG13374
A Good Old Fashioned Orgy,Q1763181,tt1231586,https://www.imdb.com/title/tt1231586,https://www.imdb.com/title/tt1231586/locations?ref_=tt_ql_sm,Wilmington|Hampstead,NCG16454|NCG06519
A Short History of Decay,Q4659464,tt2265050,https://www.imdb.com/title/tt2265050,https://www.imdb.com/title/tt2265050/locations?ref_=tt_ql_sm,Wilmington,NCG16454
A Smile as Big as the Moon,Q4659624,tt2100380,https://www.imdb.com/title/tt2100380,https://www.imdb.com/title/tt2100380/locations?ref_=tt_ql_sm,Wilmington,NCG16454
A Soldier's Daughter Never Cries,Q2299961,tt0120835,https://www.imdb.com/title/tt0120835,https://www.imdb.com/title/tt0120835/locations?ref_=tt_ql_sm,Wilmington,NCG16454
A Walk in the Clouds,Q944614,tt0114887,https://www.imdb.com/title/tt0114887,https://www.imdb.com/title/tt0114887/locations?ref_=tt_ql_sm,Chapel Hill,NCG02888
A Walk to Remember,Q219442,tt0281358,https://www.imdb.com/title/tt0281358,https://www.imdb.com/title/tt0281358/locations?ref_=tt_ql_sm,Southport|Wilmington|Orton Plantation|Atkinson,NCG14304|NCG16454|NCG11282|NCG00399
Abundant Acreage Available,Q30321632,tt5462906,https://www.imdb.com/title/tt5462906,https://www.imdb.com/title/tt5462906/locations?ref_=tt_ql_sm,East Bend,NCG04648
Adrenaline,Q21775647,tt2458952,https://www.imdb.com/title/tt2458952,https://www.imdb.com/title/tt2458952/locations?ref_=tt_ql_sm,Rockingham|Jacksonville,NCG12974|NCG07756
Alan & Naomi,Q4706039,tt0103640,https://www.imdb.com/title/tt0103640,https://www.imdb.com/title/tt0103640/locations?ref_=tt_ql_sm,Wilmington,NCG16454
Alien Abduction,Q16960967,tt2510434,https://www.imdb.com/title/tt2510434,https://www.imdb.com/title/tt2510434/locations?ref_=tt_ql_sm,Bryson City|Foscoe|Boone|Asheville,NCG01990|NCG05474|NCG01651|NCG00366
All the Real Girls,Q2837617,tt0299458,https://www.imdb.com/title/tt0299458,https://www.imdb.com/title/tt0299458/locations?ref_=tt_ql_sm,Asheville|Marshall|Cherokee,NCG00366|NCG09632|NCG02957
Alone Yet Not Alone,Q16159660,tt1986769,https://www.imdb.com/title/tt1986769,https://www.imdb.com/title/tt1986769/locations?ref_=tt_ql_sm,Transylvania County,NCG15342
Along for the Ride,Q106741851,tt14506528,https://www.imdb.com/title/tt14506528,https://www.imdb.com/title/tt14506528/locations?ref_=tt_ql_sm,Wilmington|Carolina Beach|Kure Beach,NCG16454|NCG02590|NCG08323
American Animals,Q33256085,tt6212478,https://www.imdb.com/title/tt6212478,https://www.imdb.com/title/tt6212478/locations?ref_=tt_ql_sm,Charlotte|Davidson|Mooresville,NCG02916|NCG04019|NCG10334
Amos & Andrew,Q474199,tt0106266,https://www.imdb.com/title/tt0106266,https://www.imdb.com/title/tt0106266/locations?ref_=tt_ql_sm,Wilmington,NCG16454
An Evergreen Christmas,Q56596723,tt2505818,https://www.imdb.com/title/tt2505818,https://www.imdb.com/title/tt2505818/locations?ref_=tt_ql_sm,Charlotte|Belmont,NCG02916|NCG01045
Andersonville,Q4754259,tt0115097,https://www.imdb.com/title/tt0115097,https://www.imdb.com/title/tt0115097/locations?ref_=tt_ql_sm,Wilmington,NCG16454
"Anywhere, U.S.A.",Q4778384,tt1148786,https://www.imdb.com/title/tt1148786,https://www.imdb.com/title/tt1148786/locations?ref_=tt_ql_sm,Asheville,NCG00366
April Fool's Day,Q1816375,tt1018817,https://www.imdb.com/title/tt1018817,https://www.imdb.com/title/tt1018817/locations?ref_=tt_ql_sm,Charlotte|Monroe,NCG02916|NCG10275
Are You Here,Q14509721,tt1545754,https://www.imdb.com/title/tt1545754,https://www.imdb.com/title/tt1545754/locations?ref_=tt_ql_sm,Winston-Salem|Madison|Greensboro|Boonville|Siloam,NCG16525|NCG09485|NCG06266|NCG01666|NCG13902
"Are You There God? It's Me, Margaret",Q106448550,tt9185206,https://www.imdb.com/title/tt9185206,https://www.imdb.com/title/tt9185206/locations?ref_=tt_ql_sm,Charlotte|Concord,NCG02916|NCG03409
Arthur Newman,Q4799826,tt1930546,https://www.imdb.com/title/tt1930546,https://www.imdb.com/title/tt1930546/locations?ref_=tt_ql_sm,Raleigh|Graham|Lumberton|Durham|Raleigh|Currie|Wallace|Kure Beach|Carolina Beach|Wilmington,NCG12430|NCG06046|NCG09404|NCG04584|NCG12430|NCG03892|NCG15816|NCG08323|NCG02590|NCG16454
Ashby,Q17513279,tt3774466,https://www.imdb.com/title/tt3774466,https://www.imdb.com/title/tt3774466/locations?ref_=tt_ql_sm,Charlotte,NCG02916
Axe,Q6557746,tt0075710,https://www.imdb.com/title/tt0075710,https://www.imdb.com/title/tt0075710/locations?ref_=tt_ql_sm,Charlotte,NCG02916
Bandwagon,Q4854751,tt0112454,https://www.imdb.com/title/tt0112454,https://www.imdb.com/title/tt0112454/locations?ref_=tt_ql_sm,Raleigh,NCG12430
Bastard Out of Carolina,Q1484003,tt0115633,https://www.imdb.com/title/tt0115633,https://www.imdb.com/title/tt0115633/locations?ref_=tt_ql_sm,Whiteville|Wilmington|Rocky Point,NCG16292|NCG16454|NCG13026
Being There,Q945074,tt0078841,https://www.imdb.com/title/tt0078841,https://www.imdb.com/title/tt0078841/locations?ref_=tt_ql_sm,Biltmore Estate|Asheville,NCG01361|NCG00366
Betsy's Wedding,Q4409907,tt0099128,https://www.imdb.com/title/tt0099128,https://www.imdb.com/title/tt0099128/locations?ref_=tt_ql_sm,Wilmington,NCG16454
Billy Bathgate,Q863013,tt0101453,https://www.imdb.com/title/tt0101453,https://www.imdb.com/title/tt0101453/locations?ref_=tt_ql_sm,Hamlet|Wilmington|Durham|Fayetteville,NCG06511|NCG16454|NCG04584|NCG05160
Black Dog,Q880226,tt0120610,https://www.imdb.com/title/tt0120610,https://www.imdb.com/title/tt0120610/locations?ref_=tt_ql_sm,Charlotte|Wilmington,NCG02916|NCG16454
Black Knight,Q1468455,tt0265087,https://www.imdb.com/title/tt0265087,https://www.imdb.com/title/tt0265087/locations?ref_=tt_ql_sm,Wilmington|Carolina Beach,NCG16454|NCG02590
Blood Done Sign My Name,Q16843279,tt1210039,https://www.imdb.com/title/tt1210039,https://www.imdb.com/title/tt1210039/locations?ref_=tt_ql_sm,Shelby|Charlotte|Statesville,NCG13724|NCG02916|NCG14551
Bloodmoon,Q885221,tt0118745,https://www.imdb.com/title/tt0118745,https://www.imdb.com/title/tt0118745/locations?ref_=tt_ql_sm,Wilmington,NCG16454
Bloodworth,Q3284270,tt1421048,https://www.imdb.com/title/tt1421048,https://www.imdb.com/title/tt1421048/locations?ref_=tt_ql_sm,Ivanhoe|Wilmington|Atkinson|Currie|Warsaw,NCG07693|NCG16454|NCG00399|NCG03892|NCG15903
Blue River,Q4142283,tt0112539,https://www.imdb.com/title/tt0112539,https://www.imdb.com/title/tt0112539/locations?ref_=tt_ql_sm,Wilmington,NCG16454
Blue Velvet,Q660950,tt0090756,https://www.imdb.com/title/tt0090756,https://www.imdb.com/title/tt0090756/locations?ref_=tt_ql_sm,Wilmington|Lumberton,NCG16454|NCG09404
Bolden,Q16866068,tt0858419,https://www.imdb.com/title/tt0858419,https://www.imdb.com/title/tt0858419/locations?ref_=tt_ql_sm,Wilmington,NCG16454
Born to Race,Q4945996,tt0094785,https://www.imdb.com/title/tt0094785,https://www.imdb.com/title/tt0094785/locations?ref_=tt_ql_sm,Concord,NCG03409
Brainstorm,Q1493657,tt0085271,https://www.imdb.com/title/tt0085271,https://www.imdb.com/title/tt0085271/locations?ref_=tt_ql_sm,Research Triangle Park|Wright Brothers National Memorial|Durham|Outer Banks|Pinehurst|Raleigh,NCG12669|NCG16681|NCG04584|NCG11317|NCG11852|NCG12430
Bright Leaves,Q4967439,tt0372806,https://www.imdb.com/title/tt0372806,https://www.imdb.com/title/tt0372806/locations?ref_=tt_ql_sm,Durham|Winston-Salem,NCG04584|NCG16525
Bruno,Q517811,tt0123003,https://www.imdb.com/title/tt0123003,https://www.imdb.com/title/tt0123003/locations?ref_=tt_ql_sm,Raleigh|Wilmington,NCG12430|NCG16454
Bull Durham,Q567072,tt0094812,https://www.imdb.com/title/tt0094812,https://www.imdb.com/title/tt0094812/locations?ref_=tt_ql_sm,Asheville|Burlington|Greensboro|Wilson|Durham|Raleigh,NCG00366|NCG02198|NCG06266|NCG16459|NCG04584|NCG12430
Buried Alive II,Q3863225,tt0118800,https://www.imdb.com/title/tt0118800,https://www.imdb.com/title/tt0118800/locations?ref_=tt_ql_sm,Wilmington,NCG16454
Cabin Fever,Q1024838,tt0303816,https://www.imdb.com/title/tt0303816,https://www.imdb.com/title/tt0303816/locations?ref_=tt_ql_sm,Mt. Airy|Mocksville|Winston-Salem|High Point|Danbury|Mocksville|Coleridge,NCG10246|NCG16525|NCG07014|NCG03966|NCG10246|NCG03341
Cabin Fever 2: Spring Fever,Q1622862,tt0961722,https://www.imdb.com/title/tt0961722,https://www.imdb.com/title/tt0961722/locations?ref_=tt_ql_sm,Wilmington,NCG16454
Captive,Q19824596,tt3268668,https://www.imdb.com/title/tt3268668,https://www.imdb.com/title/tt3268668/locations?ref_=tt_ql_sm,Charlotte|Huntersville|Wilmington,NCG02916|NCG07488|NCG16454
Careful What You Wish For,Q16852101,tt1629242,https://www.imdb.com/title/tt1629242,https://www.imdb.com/title/tt1629242/locations?ref_=tt_ql_sm,Charlotte|Denver|Sherrills Ford|Lake Lure|Huntersville|Belmont|Cornelius,NCG02916|NCG04178|NCG13773|NCG08377|NCG07488|NCG01045|NCG03562
Cat's Eye,Q1071567,tt0088889,https://www.imdb.com/title/tt0088889,https://www.imdb.com/title/tt0088889/locations?ref_=tt_ql_sm,Wilmington,NCG16454
Charleen,Q5074619,tt0259924,https://www.imdb.com/title/tt0259924,https://www.imdb.com/title/tt0259924/locations?ref_=tt_ql_sm,Charlotte,NCG02916
Chasers,Q1068029,tt0109403,https://www.imdb.com/title/tt0109403,https://www.imdb.com/title/tt0109403/locations?ref_=tt_ql_sm,Wilmington,NCG16454
Children of the Corn II: The Final Sacrifice,Q467947,tt0106557,https://www.imdb.com/title/tt0106557,https://www.imdb.com/title/tt0106557/locations?ref_=tt_ql_sm,Liberty|Ramseur,NCG08712|NCG12442
Christmas in Conway,Q16249307,tt3072182,https://www.imdb.com/title/tt3072182,https://www.imdb.com/title/tt3072182/locations?ref_=tt_ql_sm,Wilmington,NCG16454
Christy: Return to Cutter Gap,Q5113617,tt0257300,https://www.imdb.com/title/tt0257300,https://www.imdb.com/title/tt0257300/locations?ref_=tt_ql_sm,Great Smoky Mountains,NCG06199
Crimes of the Heart,Q1169380,tt0090886,https://www.imdb.com/title/tt0090886,https://www.imdb.com/title/tt0090886/locations?ref_=tt_ql_sm,Southport|Caswell Beach|Winnabow|Wilmington,NCG14304|NCG02712|NCG16515|NCG16454
Critical Condition,Q1962479,tt0092798,https://www.imdb.com/title/tt0092798,https://www.imdb.com/title/tt0092798/locations?ref_=tt_ql_sm,High Point,NCG07014
Cyborg,Q781870,tt0097138,https://www.imdb.com/title/tt0097138,https://www.imdb.com/title/tt0097138/locations?ref_=tt_ql_sm,Wilmington|Wrightsville Beach|Castle Hayne,NCG16454|NCG16691|NCG02704
D.A.R.Y.L.,Q537834,tt0088979,https://www.imdb.com/title/tt0088979,https://www.imdb.com/title/tt0088979/locations?ref_=tt_ql_sm,Dillsboro|Brevard,NCG04276|NCG01781
Damon's Law,Q5212795,tt0152251,https://www.imdb.com/title/tt0152251,https://www.imdb.com/title/tt0152251/locations?ref_=tt_ql_sm,Cleveland County|Rutherford County|Shelby,NCG03201|NCG13231|NCG13724
Dark Awakening,Q21036748,tt2718314,https://www.imdb.com/title/tt2718314,https://www.imdb.com/title/tt2718314/locations?ref_=tt_ql_sm,Graham|Yanceyville,NCG06046|NCG16731
Date with an Angel,Q3016952,tt0092834,https://www.imdb.com/title/tt0092834,https://www.imdb.com/title/tt0092834/locations?ref_=tt_ql_sm,Wilmington|Burgaw|Carolina Beach,NCG16454|NCG02179|NCG02590
Day-O,Q1917991,tt0104059,https://www.imdb.com/title/tt0104059,https://www.imdb.com/title/tt0104059/locations?ref_=tt_ql_sm,Wilmington|Carolina Beach|Wrightsville Beach,NCG16454|NCG02590|NCG16691
Days of Thunder,Q603696,tt0099371,https://www.imdb.com/title/tt0099371,https://www.imdb.com/title/tt0099371/locations?ref_=tt_ql_sm,Charlotte|North Wilkesboro|Concord,NCG02916|NCG10992|NCG03409
Death Screams,Q4424373,tt0085415,https://www.imdb.com/title/tt0085415,https://www.imdb.com/title/tt0085415/locations?ref_=tt_ql_sm,Lake Lure|Shelby,NCG08377|NCG13724
Deliverance,Q814778,tt0068473,https://www.imdb.com/title/tt0068473,https://www.imdb.com/title/tt0068473/locations?ref_=tt_ql_sm,Sylva,NCG14927
Destiny Road,Q10265719,tt1930322,https://www.imdb.com/title/tt1930322,https://www.imdb.com/title/tt1930322/locations?ref_=tt_ql_sm,Raleigh|Wake Forest,NCG12430|NCG15784
The Devil's Hand,Q3522061,tt2290739,https://www.imdb.com/title/tt2290739,https://www.imdb.com/title/tt2290739/locations?ref_=tt_ql_sm,Wilmington|Burgaw|Rocky Point|Currie|Supply|Willard|Castle Hayne,NCG16454|NCG02179|NCG13026|NCG03892|NCG14846|NCG16404|NCG02704
Digging to China,Q665083,tt0118980,https://www.imdb.com/title/tt0118980,https://www.imdb.com/title/tt0118980/locations?ref_=tt_ql_sm,"Cherokee|Mac's Indian Village, Cherokee",NCG02957
Dirty Dancing,Q253978,tt0092890,https://www.imdb.com/title/tt0092890,https://www.imdb.com/title/tt0092890/locations?ref_=tt_ql_sm,Asheville|Lake Lure|Lure Woods|Rutherford County|Firefly Cove,NCG00366|NCG08377|NCG13231
Dirty Dancing,Q25352057,tt5262792,https://www.imdb.com/title/tt5262792,https://www.imdb.com/title/tt5262792/locations?ref_=tt_ql_sm,Asheville|Hendersonville,NCG00366|NCG06864
Divine Secrets of the Ya-Ya Sisterhood,Q1049916,tt0279778,https://www.imdb.com/title/tt0279778,https://www.imdb.com/title/tt0279778/locations?ref_=tt_ql_sm,Wrightsville Beach|Burgaw|Chadbourn|Faison|Winnabow|Wrightsville Beach,NCG16691|NCG02179|NCG02856|NCG05084|NCG16515|NCG16691
Dog Days of Summer,Q5288174,tt0475255,https://www.imdb.com/title/tt0475255,https://www.imdb.com/title/tt0475255/locations?ref_=tt_ql_sm,Edenton,NCG04753
Domestic Disturbance,Q1479655,tt0249478,https://www.imdb.com/title/tt0249478,https://www.imdb.com/title/tt0249478/locations?ref_=tt_ql_sm,Southport|Wilmington|Hampstead,NCG14304|NCG16454|NCG06519
Don't Fade Away,Q12115464,tt0899145,https://www.imdb.com/title/tt0899145,https://www.imdb.com/title/tt0899145/locations?ref_=tt_ql_sm,Asheville,NCG00366
Don't Let Me Go,Q47417953,tt1976629,https://www.imdb.com/title/tt1976629,https://www.imdb.com/title/tt1976629/locations?ref_=tt_ql_sm,DuPont State Recreational Forest|Asheville,NCG00366
Dracula's Widow,Q5304678,tt0097230,https://www.imdb.com/title/tt0097230,https://www.imdb.com/title/tt0097230/locations?ref_=tt_ql_sm,Wilmington,NCG16454
Dream a Little Dream,Q1256163,tt0097236,https://www.imdb.com/title/tt0097236,https://www.imdb.com/title/tt0097236/locations?ref_=tt_ql_sm,Wilmington,NCG16454
Eddie,Q502876,tt0116168,https://www.imdb.com/title/tt0116168,https://www.imdb.com/title/tt0116168/locations?ref_=tt_ql_sm,Charlotte|Winston-Salem,NCG02916|NCG16525
Empire Records,Q2309994,tt0112950,https://www.imdb.com/title/tt0112950,https://www.imdb.com/title/tt0112950/locations?ref_=tt_ql_sm,Wilmington,NCG16454
Everybody Wins,Q1382263,tt0099520,https://www.imdb.com/title/tt0099520,https://www.imdb.com/title/tt0099520/locations?ref_=tt_ql_sm,Wilmington,NCG16454
Evil Dead II,Q750028,tt0092991,https://www.imdb.com/title/tt0092991,https://www.imdb.com/title/tt0092991/locations?ref_=tt_ql_sm,Wilmington|Wadesboro,NCG16454|NCG15763
Eyeborgs,Q5422750,tt1043844,https://www.imdb.com/title/tt1043844,https://www.imdb.com/title/tt1043844/locations?ref_=tt_ql_sm,Winston-Salem,NCG16525
Fall Time,Q1962662,tt0113014,https://www.imdb.com/title/tt0113014,https://www.imdb.com/title/tt0113014/locations?ref_=tt_ql_sm,Wilmington|Wallace,NCG16454|NCG15816
Final Exam,Q4373850,tt0082378,https://www.imdb.com/title/tt0082378,https://www.imdb.com/title/tt0082378/locations?ref_=tt_ql_sm,Spindale|Boiling Springs|Shelby,NCG14357|NCG01605|NCG13724
Firestarter,Q848503,tt0087262,https://www.imdb.com/title/tt0087262,https://www.imdb.com/title/tt0087262/locations?ref_=tt_ql_sm,Lake Lure|Wilmington|Carvers Creek|Chimney Rock|Leland|Belville|Winnabow,NCG08377|NCG16454|NCG02664|NCG03059|NCG08643|NCG01052|NCG16515
Forces of Nature,Q40182,tt0141098,https://www.imdb.com/title/tt0141098,https://www.imdb.com/title/tt0141098/locations?ref_=tt_ql_sm,Cherokee,NCG02957
Forgiven,Q5469708,tt0444631,https://www.imdb.com/title/tt0444631,https://www.imdb.com/title/tt0444631/locations?ref_=tt_ql_sm,Wilmington,NCG16454
Forrest Gump,Q134773,tt0109830,https://www.imdb.com/title/tt0109830,https://www.imdb.com/title/tt0109830/locations?ref_=tt_ql_sm,Biltmore Estate|Grandfather Mountain,NCG01361|NCG06059
From the Hip,Q1962468,tt0093051,https://www.imdb.com/title/tt0093051,https://www.imdb.com/title/tt0093051/locations?ref_=tt_ql_sm,Charlotte|Wilmington,NCG02916|NCG16454
George Washington,Q1406257,tt0262432,https://www.imdb.com/title/tt0262432,https://www.imdb.com/title/tt0262432/locations?ref_=tt_ql_sm,Winston-Salem|Spencer,NCG16525|NCG14340
Getting In,Q12124489,tt0109893,https://www.imdb.com/title/tt0109893,https://www.imdb.com/title/tt0109893/locations?ref_=tt_ql_sm,Durham|Raleigh|Chapel Hill,NCG04584|NCG12430|NCG02888
Goodbye Solo,Q3110707,tt1095442,https://www.imdb.com/title/tt1095442,https://www.imdb.com/title/tt1095442/locations?ref_=tt_ql_sm,Blowing Rock|Winston-Salem,NCG01533|NCG16525
Goodbye to All That,Q18703142,tt2437548,https://www.imdb.com/title/tt2437548,https://www.imdb.com/title/tt2437548/locations?ref_=tt_ql_sm,Winston-Salem,NCG16525
Great World of Sound,Q5600270,tt0826547,https://www.imdb.com/title/tt0826547,https://www.imdb.com/title/tt0826547/locations?ref_=tt_ql_sm,Charlotte,NCG02916
Halloween Kills,Q67279679,tt10665338,https://www.imdb.com/title/tt10665338,https://www.imdb.com/title/tt10665338/locations?ref_=tt_ql_sm,Wilmington,NCG16454
Hannibal,Q722682,tt0212985,https://www.imdb.com/title/tt0212985,https://www.imdb.com/title/tt0212985/locations?ref_=tt_ql_sm,Biltmore Estate|Asheville,NCG01361|NCG00366
Happy Campers,Q3843499,tt0210094,https://www.imdb.com/title/tt0210094,https://www.imdb.com/title/tt0210094/locations?ref_=tt_ql_sm,Hendersonville,NCG06864
He Got Game,Q508410,tt0124718,https://www.imdb.com/title/tt0124718,https://www.imdb.com/title/tt0124718/locations?ref_=tt_ql_sm,Elon|Charlotte|Denton,NCG04911|NCG02916|NCG04175
Heart of the Country,Q48674141,tt2231251,https://www.imdb.com/title/tt2231251,https://www.imdb.com/title/tt2231251/locations?ref_=tt_ql_sm,Wilmington,NCG16454
Heavyweights,Q239413,tt0110006,https://www.imdb.com/title/tt0110006,https://www.imdb.com/title/tt0110006/locations?ref_=tt_ql_sm,Hendersonville|Henderson County|Flat Rock|Asheville|Laurel Park,NCG06864|NCG06858|NCG05295|NCG00366|NCG08527
Hellraiser III: Hell on Earth,Q763024,tt0104409,https://www.imdb.com/title/tt0104409,https://www.imdb.com/title/tt0104409/locations?ref_=tt_ql_sm,Winston-Salem|High Point|Greensboro|Charlotte,NCG16525|NCG07014|NCG06266|NCG02916
Hick,Q1617244,tt1205558,https://www.imdb.com/title/tt1205558,https://www.imdb.com/title/tt1205558/locations?ref_=tt_ql_sm,Reidsville|Wilmington,NCG12651|NCG16454
Hiding Out,Q4197685,tt0093186,https://www.imdb.com/title/tt0093186,https://www.imdb.com/title/tt0093186/locations?ref_=tt_ql_sm,Wilmington,NCG16454
Home of the Giants,Q2201952,tt0471005,https://www.imdb.com/title/tt0471005,https://www.imdb.com/title/tt0471005/locations?ref_=tt_ql_sm,Greensboro|High Point|Winston-Salem,NCG06266|NCG07014|NCG16525
Hornet's Nest,Q21531834,tt2181969,https://www.imdb.com/title/tt2181969,https://www.imdb.com/title/tt2181969/locations?ref_=tt_ql_sm,Castle Hayne|Wilmington,NCG02704|NCG16454
Hounddog,Q668765,tt0415856,https://www.imdb.com/title/tt0415856,https://www.imdb.com/title/tt0415856/locations?ref_=tt_ql_sm,Winnabow|Wilmington,NCG16515|NCG16454
House of Cards,Q1169273,tt0107148,https://www.imdb.com/title/tt0107148,https://www.imdb.com/title/tt0107148/locations?ref_=tt_ql_sm,Greensboro,NCG06266
Household Saints,Q2582667,tt0107152,https://www.imdb.com/title/tt0107152,https://www.imdb.com/title/tt0107152/locations?ref_=tt_ql_sm,Wilmington,NCG16454
I Know What You Did Last Summer,Q302174,tt0119345,https://www.imdb.com/title/tt0119345,https://www.imdb.com/title/tt0119345/locations?ref_=tt_ql_sm,Southport|Durham|Burgaw|Currie|Wilmington,NCG14304|NCG04584|NCG02179|NCG03892|NCG16454
Idlewild,Q644250,tt0417225,https://www.imdb.com/title/tt0417225,https://www.imdb.com/title/tt0417225/locations?ref_=tt_ql_sm,Winnabow|Burgaw|Wilmington,NCG16515|NCG02179|NCG16454
If You Build It,Q18150985,tt2322482,https://www.imdb.com/title/tt2322482,https://www.imdb.com/title/tt2322482/locations?ref_=tt_ql_sm,Windsor,NCG16501
Iron Man 3,Q209538,tt1300854,https://www.imdb.com/title/tt1300854,https://www.imdb.com/title/tt1300854/locations?ref_=tt_ql_sm,Kenansville|Wilmington|Rose Hill|Cary|Currie|Oak Island,NCG08148|NCG16454|NCG13093|NCG02669|NCG03892|NCG11051
Jackass Presents: Bad Grandpa,Q14407638,tt3063516,https://www.imdb.com/title/tt3063516,https://www.imdb.com/title/tt3063516/locations?ref_=tt_ql_sm,Charlotte|Belmont|Garner|Gastonia|Chapel Hill,NCG02916|NCG01045|NCG05710|NCG05736|NCG02888
Jessabelle,Q6186046,tt2300975,https://www.imdb.com/title/tt2300975,https://www.imdb.com/title/tt2300975/locations?ref_=tt_ql_sm,Wilmington,NCG16454
Jimmy,Q17111828,tt1376205,https://www.imdb.com/title/tt1376205,https://www.imdb.com/title/tt1376205/locations?ref_=tt_ql_sm,Charlotte|Concord,NCG02916|NCG03409
Journey 2: The Mysterious Island,Q211545,tt1397514,https://www.imdb.com/title/tt1397514,https://www.imdb.com/title/tt1397514/locations?ref_=tt_ql_sm,Wilmington,NCG16454
Junebug,Q565009,tt0418773,https://www.imdb.com/title/tt0418773,https://www.imdb.com/title/tt0418773/locations?ref_=tt_ql_sm,Winston-Salem,NCG16525
Juwanna Mann,Q3282532,tt0247444,https://www.imdb.com/title/tt0247444,https://www.imdb.com/title/tt0247444/locations?ref_=tt_ql_sm,Charlotte,NCG02916
Killers Three,Q6407594,tt0063184,https://www.imdb.com/title/tt0063184,https://www.imdb.com/title/tt0063184/locations?ref_=tt_ql_sm,Liberty|Ramseur|Randolph County|Coleridge,NCG08712|NCG12442|NCG12458|NCG03341
King Kong Lives,Q127421,tt0091344,https://www.imdb.com/title/tt0091344,https://www.imdb.com/title/tt0091344/locations?ref_=tt_ql_sm,Wilmington,NCG16454
Kiss the Girls,Q60016,tt0119468,https://www.imdb.com/title/tt0119468,https://www.imdb.com/title/tt0119468/locations?ref_=tt_ql_sm,Durham|Research Triangle Park|Chapel Hill,NCG04584|NCG12669|NCG02888
Leatherheads,Q653974,tt0379865,https://www.imdb.com/title/tt0379865,https://www.imdb.com/title/tt0379865/locations?ref_=tt_ql_sm,Winston-Salem|Spencer|Charlotte|Greensboro|Statesville|Tobaccoville|Rural Hall|Salisbury,NCG16525|NCG14340|NCG02916|NCG06266|NCG14551|NCG15223|NCG13213|NCG13279
Lemony Snicket's A Series of Unfortunate Events,Q116905,tt0339291,https://www.imdb.com/title/tt0339291,https://www.imdb.com/title/tt0339291/locations?ref_=tt_ql_sm,Wilmington,NCG16454
Logan Lucky,Q24576050,tt5439796,https://www.imdb.com/title/tt5439796,https://www.imdb.com/title/tt5439796/locations?ref_=tt_ql_sm,Concord,NCG03409
Loggerheads,Q3025346,tt0406038,https://www.imdb.com/title/tt0406038,https://www.imdb.com/title/tt0406038/locations?ref_=tt_ql_sm,Eden|Kure Beach|Wilmington,NCG04749|NCG08323|NCG16454
Lolita,Q593877,tt0119558,https://www.imdb.com/title/tt0119558,https://www.imdb.com/title/tt0119558/locations?ref_=tt_ql_sm,Reidsville|Wilmington|Winnabow,NCG12651|NCG16454|NCG16515
Lost Highway,Q289204,tt0116922,https://www.imdb.com/title/tt0116922,https://www.imdb.com/title/tt0116922/locations?ref_=tt_ql_sm,Chapel Hill,NCG02888
Love Field,Q2291957,tt0104765,https://www.imdb.com/title/tt0104765,https://www.imdb.com/title/tt0104765/locations?ref_=tt_ql_sm,Wilson|Rocky Mount,NCG16459|NCG13021
Love for Sale,Q6691776,tt1172996,https://www.imdb.com/title/tt1172996,https://www.imdb.com/title/tt1172996/locations?ref_=tt_ql_sm,Wilmington,NCG16454
Main Street,Q1660478,tt1365483,https://www.imdb.com/title/tt1365483,https://www.imdb.com/title/tt1365483/locations?ref_=tt_ql_sm,Durham,NCG04584
Mandie and the Secret Tunnel,Q11767006,tt1132286,https://www.imdb.com/title/tt1132286,https://www.imdb.com/title/tt1132286/locations?ref_=tt_ql_sm,Blue Ridge Parkway|Reidsville|Maggie Valley|Blowing Rock,NCG01546|NCG12651|NCG09489|NCG01533
Manhunter,Q886719,tt0091474,https://www.imdb.com/title/tt0091474,https://www.imdb.com/title/tt0091474/locations?ref_=tt_ql_sm,Wilmington,NCG16454
Marie,Q3292334,tt0089555,https://www.imdb.com/title/tt0089555,https://www.imdb.com/title/tt0089555/locations?ref_=tt_ql_sm,Wilmington,NCG16454
Masterminds,Q18151901,tt2461150,https://www.imdb.com/title/tt2461150,https://www.imdb.com/title/tt2461150/locations?ref_=tt_ql_sm,Asheville|Franklin|Waynesville|Swannanoa|Old Fort|Cramerton,NCG00366|NCG05527|NCG15996|NCG14884|NCG11158|NCG03728
Max,Q18152555,tt3369806,https://www.imdb.com/title/tt3369806,https://www.imdb.com/title/tt3369806/locations?ref_=tt_ql_sm,Charlotte|Kings Mountain|Faith|Asheville|Lincolnton,NCG02916|NCG08239|NCG05087|NCG00366|NCG08775
Max Steel,Q17068577,tt1472584,https://www.imdb.com/title/tt1472584,https://www.imdb.com/title/tt1472584/locations?ref_=tt_ql_sm,Wilmington|Castle Hayne,NCG16454|NCG02704
Maximum Overdrive,Q46637,tt0091499,https://www.imdb.com/title/tt0091499,https://www.imdb.com/title/tt0091499/locations?ref_=tt_ql_sm,Wilmington|Supply|Leland,NCG16454|NCG14846|NCG08643
Message in a Bottle,Q49021,tt0139462,https://www.imdb.com/title/tt0139462,https://www.imdb.com/title/tt0139462/locations?ref_=tt_ql_sm,Wilmington,NCG16454
Morgan's Ferry,Q6911515,tt0170260,https://www.imdb.com/title/tt0170260,https://www.imdb.com/title/tt0170260/locations?ref_=tt_ql_sm,Wilmington,NCG16454
Mr. Destiny,Q1951422,tt0100201,https://www.imdb.com/title/tt0100201,https://www.imdb.com/title/tt0100201/locations?ref_=tt_ql_sm,Biltmore Estate|Winston-Salem|Buena Vista,NCG01361|NCG16525|NCG02088
Muppets from Space,Q1458649,tt0158811,https://www.imdb.com/title/tt0158811,https://www.imdb.com/title/tt0158811/locations?ref_=tt_ql_sm,Wilmington|Castle Hayne|Kure Beach,NCG16454|NCG02704|NCG08323
Murder in New Hampshire: The Pamela Wojas Smart Story,Q1947363,tt0102484,https://www.imdb.com/title/tt0102484,https://www.imdb.com/title/tt0102484/locations?ref_=tt_ql_sm,Charlotte,NCG02916
My Fellow Americans,Q1305069,tt0117119,https://www.imdb.com/title/tt0117119,https://www.imdb.com/title/tt0117119/locations?ref_=tt_ql_sm,Biltmore Estate|Black Mountain|Asheville|Dillsboro|Marshall|Waynesville,NCG01361|NCG01420|NCG00366|NCG04276|NCG09632|NCG15996
It Runs in the Family,Q1593107,tt0110168,https://www.imdb.com/title/tt0110168,https://www.imdb.com/title/tt0110168/locations?ref_=tt_ql_sm,Wilmington,NCG16454
National Lampoon's Pucked,Q6973977,tt0407038,https://www.imdb.com/title/tt0407038,https://www.imdb.com/title/tt0407038/locations?ref_=tt_ql_sm,Greensboro|Lexington|Winston-Salem,NCG06266|NCG08709|NCG16525
Nell,Q612323,tt0110638,https://www.imdb.com/title/tt0110638,https://www.imdb.com/title/tt0110638/locations?ref_=tt_ql_sm,Fontana Lake|Robbinsville|Nantahala National Forest|Cheoah Ranger District|Charlotte|Franklin,NCG05376|NCG12896|NCG10630|NCG02916|NCG05527
New Best Friend,Q7005527,tt0191074,https://www.imdb.com/title/tt0191074,https://www.imdb.com/title/tt0191074/locations?ref_=tt_ql_sm,Wilmington,NCG16454
Nights in Rodanthe,Q287385,tt0956038,https://www.imdb.com/title/tt0956038,https://www.imdb.com/title/tt0956038/locations?ref_=tt_ql_sm,Outer Banks|Southport|Wilmington|Topsail Beach|Carolina Beach,NCG11317|NCG14304|NCG16454|NCG15281|NCG02590
No Mercy,Q1533060,tt0091637,https://www.imdb.com/title/tt0091637,https://www.imdb.com/title/tt0091637/locations?ref_=tt_ql_sm,Wilmington|Washington,NCG16454|NCG15916
Once Around,Q1305427,tt0102590,https://www.imdb.com/title/tt0102590,https://www.imdb.com/title/tt0102590/locations?ref_=tt_ql_sm,Durham|Raleigh,NCG04584|NCG12430
Once Upon a Time...When We Were Colored,Q7091836,tt0114039,https://www.imdb.com/title/tt0114039,https://www.imdb.com/title/tt0114039/locations?ref_=tt_ql_sm,Wilmington,NCG16454
One & Two,Q20735599,tt3975510,https://www.imdb.com/title/tt3975510,https://www.imdb.com/title/tt3975510/locations?ref_=tt_ql_sm,Wilmington,NCG16454
One Christmas,Q7092525,tt0110732,https://www.imdb.com/title/tt0110732,https://www.imdb.com/title/tt0110732/locations?ref_=tt_ql_sm,Wilmington,NCG16454
One True Loves,Q108907392,tt14770620,https://www.imdb.com/title/tt14770620,https://www.imdb.com/title/tt14770620/locations?ref_=tt_ql_sm,Wilmington,NCG16454
The Order of the Black Eagle,Q7755312,tt0199912,https://www.imdb.com/title/tt0199912,https://www.imdb.com/title/tt0199912/locations?ref_=tt_ql_sm,Shelby,NCG13724
Paper Towns,Q18603039,tt3622592,https://www.imdb.com/title/tt3622592,https://www.imdb.com/title/tt3622592/locations?ref_=tt_ql_sm,Concord|Kannapolis|Mooresville|Denver,NCG03409|NCG08089|NCG10334|NCG04178
Patch Adams,Q782822,tt0129290,https://www.imdb.com/title/tt0129290,https://www.imdb.com/title/tt0129290/locations?ref_=tt_ql_sm,Biltmore Estate|Asheville|Chapel Hill,NCG01361|NCG00366|NCG02888
Pepsi MAX & Jeff Gordon Present: Test Drive,Q16254077,tt5511226,https://www.imdb.com/title/tt5511226,https://www.imdb.com/title/tt5511226/locations?ref_=tt_ql_sm,Charlotte,NCG02916
Piranha 3DD,Q328208,tt1714203,https://www.imdb.com/title/tt1714203,https://www.imdb.com/title/tt1714203/locations?ref_=tt_ql_sm,Wilmington|Kure Beach,NCG16454|NCG08323
Praise Band: The Movie,Q16254251,tt1071821,https://www.imdb.com/title/tt1071821,https://www.imdb.com/title/tt1071821/locations?ref_=tt_ql_sm,Charlotte|Lake Park|Waxhaw,NCG02916|NCG08385|NCG15984
Radioland Murders,Q1741078,tt0110939,https://www.imdb.com/title/tt0110939,https://www.imdb.com/title/tt0110939/locations?ref_=tt_ql_sm,Wilmington|Castle Hayne,NCG16454|NCG02704
Rambling Rose,Q1214679,tt0102753,https://www.imdb.com/title/tt0102753,https://www.imdb.com/title/tt0102753/locations?ref_=tt_ql_sm,Ivanhoe|Wilmington,NCG07693|NCG16454
Raw Deal,Q261601,tt0091828,https://www.imdb.com/title/tt0091828,https://www.imdb.com/title/tt0091828/locations?ref_=tt_ql_sm,Castle Hayne|Wilmington,NCG02704|NCG16454
Red Dirt Rising,Q16984034,tt1103274,https://www.imdb.com/title/tt1103274,https://www.imdb.com/title/tt1103274/locations?ref_=tt_ql_sm,Archdale|Trinity,NCG00300|NCG15377
Religulous,Q591709,tt0815241,https://www.imdb.com/title/tt0815241,https://www.imdb.com/title/tt0815241/locations?ref_=tt_ql_sm,Charlotte|Raleigh,NCG02916|NCG12430
Remember the Daze,Q2415155,tt0790618,https://www.imdb.com/title/tt0790618,https://www.imdb.com/title/tt0790618/locations?ref_=tt_ql_sm,Wilmington,NCG16454
Richie Rich,Q506394,tt0110989,https://www.imdb.com/title/tt0110989,https://www.imdb.com/title/tt0110989/locations?ref_=tt_ql_sm,Biltmore Estate|Charlotte,NCG01361|NCG02916
Road to Nowhere,Q3434096,tt1504319,https://www.imdb.com/title/tt1504319,https://www.imdb.com/title/tt1504319/locations?ref_=tt_ql_sm,Waynesville|Maggie Valley,NCG15996|NCG09489
Safe Haven,Q1767513,tt1702439,https://www.imdb.com/title/tt1702439,https://www.imdb.com/title/tt1702439/locations?ref_=tt_ql_sm,Southport|Wilmington|Southport|Kure Beach,NCG14304|NCG16454|NCG14304|NCG08323
Shadrach,Q1826076,tt0144604,https://www.imdb.com/title/tt0144604,https://www.imdb.com/title/tt0144604/locations?ref_=tt_ql_sm,Wilmington,NCG16454
Shallow Hal,Q1140935,tt0256380,https://www.imdb.com/title/tt0256380,https://www.imdb.com/title/tt0256380/locations?ref_=tt_ql_sm,Charlotte|Concord,NCG02916|NCG03409
Silver Bullet,Q1198033,tt0090021,https://www.imdb.com/title/tt0090021,https://www.imdb.com/title/tt0090021/locations?ref_=tt_ql_sm,Burgaw|Wilmington|Leland|Castle Hayne,NCG02179|NCG16454|NCG08643|NCG02704
Sleeping with the Enemy,Q1193347,tt0102945,https://www.imdb.com/title/tt0102945,https://www.imdb.com/title/tt0102945/locations?ref_=tt_ql_sm,Wrightsville Beach|Kure Beach,NCG16691|NCG08323
Songcatcher,Q1298217,tt0210299,https://www.imdb.com/title/tt0210299,https://www.imdb.com/title/tt0210299/locations?ref_=tt_ql_sm,Asheville,NCG00366
Southern Belles,Q7569675,tt0423238,https://www.imdb.com/title/tt0423238,https://www.imdb.com/title/tt0423238/locations?ref_=tt_ql_sm,Wilmington,NCG16454
Speedway,Q605374,tt0063634,https://www.imdb.com/title/tt0063634,https://www.imdb.com/title/tt0063634/locations?ref_=tt_ql_sm,Concord,NCG03409
Stark Love,Q2519621,tt0018446,https://www.imdb.com/title/tt0018446,https://www.imdb.com/title/tt0018446/locations?ref_=tt_ql_sm,Great Smoky Mountains,NCG06199
Stroker Ace,Q655487,tt0086379,https://www.imdb.com/title/tt0086379,https://www.imdb.com/title/tt0086379/locations?ref_=tt_ql_sm,Charlotte,NCG02916
Stroszek,Q587566,tt0075276,https://www.imdb.com/title/tt0075276,https://www.imdb.com/title/tt0075276/locations?ref_=tt_ql_sm,Cherokee,NCG02957
Stuck in Love,Q4363611,tt2205697,https://www.imdb.com/title/tt2205697,https://www.imdb.com/title/tt2205697/locations?ref_=tt_ql_sm,Wrightsville Beach|Wilmington,NCG16691|NCG16454
Stuck in Love,Q4363611,tt2205697,https://www.imdb.com/title/tt2205697,https://www.imdb.com/title/tt2205697/locations?ref_=tt_ql_sm,Wrightsville Beach|Wilmington,NCG16691|NCG16454
Sully,Q21062112,tt3263904,https://www.imdb.com/title/tt3263904,https://www.imdb.com/title/tt3263904/locations?ref_=tt_ql_sm,Charlotte,NCG02916
Summer Catch,Q2297497,tt0234829,https://www.imdb.com/title/tt0234829,https://www.imdb.com/title/tt0234829/locations?ref_=tt_ql_sm,Southport,NCG14304
Super Mario Bros.,Q535550,tt0108255,https://www.imdb.com/title/tt0108255,https://www.imdb.com/title/tt0108255/locations?ref_=tt_ql_sm,Wilmington|Castle Hayne,NCG16454|NCG02704
Takedown,Q992496,tt0159784,https://www.imdb.com/title/tt0159784,https://www.imdb.com/title/tt0159784/locations?ref_=tt_ql_sm,Wilmington,NCG16454
Talladega Nights: The Ballad of Ricky Bobby,Q1421593,tt0415306,https://www.imdb.com/title/tt0415306,https://www.imdb.com/title/tt0415306/locations?ref_=tt_ql_sm,Charlotte|Rockingham|Concord,NCG02916|NCG12974|NCG03409
Tammy,Q15901539,tt2103254,https://www.imdb.com/title/tt2103254,https://www.imdb.com/title/tt2103254/locations?ref_=tt_ql_sm,Wilmington|Carolina Beach|White Lake|Castle Hayne|Leland|Boiling Spring Lakes|Shallotte|Burgaw,NCG16454|NCG02590|NCG16208|NCG02704|NCG08643|NCG13652|NCG02179
Tap Roots,Q3226892,tt0040861,https://www.imdb.com/title/tt0040861,https://www.imdb.com/title/tt0040861/locations?ref_=tt_ql_sm,Great Smoky Mountains,NCG06199
Teen Spirit,Q1571340,tt1845866,https://www.imdb.com/title/tt1845866,https://www.imdb.com/title/tt1845866/locations?ref_=tt_ql_sm,Wilmington,NCG16454
Teenage Mutant Ninja Turtles,Q58439,tt0100758,https://www.imdb.com/title/tt0100758,https://www.imdb.com/title/tt0100758/locations?ref_=tt_ql_sm,Castle Hayne|Wilmington,NCG02704|NCG16454
Teenage Mutant Ninja Turtles II: The Secret of the Ooze,Q1326619,tt0103060,https://www.imdb.com/title/tt0103060,https://www.imdb.com/title/tt0103060/locations?ref_=tt_ql_sm,Wilmington|Castle Hayne,NCG16454|NCG02704
Terror in the Night,Q93477915,tt0111401,https://www.imdb.com/title/tt0111401,https://www.imdb.com/title/tt0111401/locations?ref_=tt_ql_sm,Charlotte|Huntersville|Pineville|Albemarle|Nantahala National Forest|Pisgah National Forest,NCG02916|NCG07488|NCG11863|NCG00104|NCG10630|NCG11930
Thank You for Smoking,Q840872,tt0427944,https://www.imdb.com/title/tt0427944,https://www.imdb.com/title/tt0427944/locations?ref_=tt_ql_sm,Winston-Salem,NCG16525
The 24th,Q85806291,tt10452854,https://www.imdb.com/title/tt10452854,https://www.imdb.com/title/tt10452854/locations?ref_=tt_ql_sm,Salisbury|Charlotte,NCG13279|NCG02916
The 5th Quarter,Q10854398,tt1130964,https://www.imdb.com/title/tt1130964,https://www.imdb.com/title/tt1130964/locations?ref_=tt_ql_sm,Winston-Salem,NCG16525
The Adventures of Elmo in Grouchland,Q735716,tt0159421,https://www.imdb.com/title/tt0159421,https://www.imdb.com/title/tt0159421/locations?ref_=tt_ql_sm,Wilmington,NCG16454
The Bedroom Window,Q1170252,tt0092627,https://www.imdb.com/title/tt0092627,https://www.imdb.com/title/tt0092627/locations?ref_=tt_ql_sm,Winston-Salem|Carolina Beach,NCG16525|NCG02590
The Birds II: Land's End,Q2337925,tt0109275,https://www.imdb.com/title/tt0109275,https://www.imdb.com/title/tt0109275/locations?ref_=tt_ql_sm,Southport|Wilmington,NCG14304|NCG16454
The Black Phone,Q105584511,tt7144666,https://www.imdb.com/title/tt7144666,https://www.imdb.com/title/tt7144666/locations?ref_=tt_ql_sm,Wilmington,NCG16454
The Bleeding,Q7718569,tt1206881,https://www.imdb.com/title/tt1206881,https://www.imdb.com/title/tt1206881/locations?ref_=tt_ql_sm,Wilmington,NCG16454
The Butcher's Wife,Q1195550,tt0101523,https://www.imdb.com/title/tt0101523,https://www.imdb.com/title/tt0101523/locations?ref_=tt_ql_sm,Bald Head Island|Cape Lookout National Seashore|Wilmington,NCG02558|NCG16454
The Choice,Q18389443,tt3797868,https://www.imdb.com/title/tt3797868,https://www.imdb.com/title/tt3797868/locations?ref_=tt_ql_sm,Kure Beach|Wrightsville Beach|Wilmington|Masonboro Island,NCG08323|NCG16691|NCG16454
The Clearing,Q488345,tt0331952,https://www.imdb.com/title/tt0331952,https://www.imdb.com/title/tt0331952/locations?ref_=tt_ql_sm,Asheville,NCG00366
The Color Purple,Q223299,tt0088939,https://www.imdb.com/title/tt0088939,https://www.imdb.com/title/tt0088939/locations?ref_=tt_ql_sm,Salisbury|Charlotte|Wadesboro|Lilesville|Marshville|Union County|Anson County|Ansonville,NCG13279|NCG02916|NCG15763|NCG08749|NCG09639|NCG15597|NCG00260|NCG00261
The Confession,Q16651200,tt2317171,https://www.imdb.com/title/tt2317171,https://www.imdb.com/title/tt2317171/locations?ref_=tt_ql_sm,Winston-Salem,NCG16525
The Conjuring,Q5540479,tt1457767,https://www.imdb.com/title/tt1457767,https://www.imdb.com/title/tt1457767/locations?ref_=tt_ql_sm,Currie|Wilmington,NCG03892|NCG16454
The Crow,Q250912,tt0109506,https://www.imdb.com/title/tt0109506,https://www.imdb.com/title/tt0109506/locations?ref_=tt_ql_sm,Wilmington|Castle Hayne,NCG16454|NCG02704
The Dangerous Lives of Altar Boys,Q741378,tt0238924,https://www.imdb.com/title/tt0238924,https://www.imdb.com/title/tt0238924/locations?ref_=tt_ql_sm,Wilmington,NCG16454
The Delicate Art of the Rifle,Q7729658,tt0126260,https://www.imdb.com/title/tt0126260,https://www.imdb.com/title/tt0126260/locations?ref_=tt_ql_sm,Raleigh,NCG12430
The Disappointments Room,Q18389573,tt2364897,https://www.imdb.com/title/tt2364897,https://www.imdb.com/title/tt2364897/locations?ref_=tt_ql_sm,Greensboro|Ramseur,NCG06266|NCG12442
The Exorcist III,Q1150596,tt0099528,https://www.imdb.com/title/tt0099528,https://www.imdb.com/title/tt0099528/locations?ref_=tt_ql_sm,Wilmington,NCG16454
The Eyes of Tammy Faye,Q73537423,tt9115530,https://www.imdb.com/title/tt9115530,https://www.imdb.com/title/tt9115530/locations?ref_=tt_ql_sm,Charlotte|Mt. Pleasant|Concord,NCG02916|NCG03409
The Face on the Milk Carton,Q7733043,tt0113008,https://www.imdb.com/title/tt0113008,https://www.imdb.com/title/tt0113008/locations?ref_=tt_ql_sm,Wilmington,NCG16454
The Foot Fist Way,Q3520940,tt0492619,https://www.imdb.com/title/tt0492619,https://www.imdb.com/title/tt0492619/locations?ref_=tt_ql_sm,Concord,NCG03409
The Fugitive,Q156309,tt0106977,https://www.imdb.com/title/tt0106977,https://www.imdb.com/title/tt0106977/locations?ref_=tt_ql_sm,Bryson City|Tapoco|Blue Ridge Parkway|Dillsboro|Great Smoky Mountains Railroad|Sylva|Blue Ridge Mountains,NCG01990|NCG14975|NCG01546|NCG04276|NCG14927|NCG01545
The Georgetown Project,Q73792046,tt11240348,https://www.imdb.com/title/tt11240348,https://www.imdb.com/title/tt11240348/locations?ref_=tt_ql_sm,Wilmington,NCG16454
The Grave,Q7737587,tt0116446,https://www.imdb.com/title/tt0116446,https://www.imdb.com/title/tt0116446/locations?ref_=tt_ql_sm,Cape Fear River|Erwin|Wilmington,NCG02549|NCG04986|NCG16454
The Green Mile,Q208263,tt0120689,https://www.imdb.com/title/tt0120689,https://www.imdb.com/title/tt0120689/locations?ref_=tt_ql_sm,Blowing Rock|Blue Ridge Mountains|Blue Ridge Parkway|Blowing Rock,NCG01533|NCG01545|NCG01546|NCG01533
The Guardian,Q901255,tt0406816,https://www.imdb.com/title/tt0406816,https://www.imdb.com/title/tt0406816/locations?ref_=tt_ql_sm,Elizabeth City,NCG04830
The Handmaid's Tale,Q569189,tt0099731,https://www.imdb.com/title/tt0099731,https://www.imdb.com/title/tt0099731/locations?ref_=tt_ql_sm,Durham|Raleigh|Blue Ridge Mountains,NCG04584|NCG12430|NCG01545
The Hudsucker Proxy,Q313998,tt0110074,https://www.imdb.com/title/tt0110074,https://www.imdb.com/title/tt0110074/locations?ref_=tt_ql_sm,Wilmington,NCG16454
The Hunger Games,Q212965,tt1392170,https://www.imdb.com/title/tt1392170,https://www.imdb.com/title/tt1392170/locations?ref_=tt_ql_sm,Shelby|Pisgah National Forest|Asheville|Concord|Charlotte|Hildebran|North Fork Reservoir|Black Mountain|DuPont State Forest|Barnardsville|Cedar Mountain|Triple Falls|Bridal Veil Falls|Henry River Mill Village,NCG13724|NCG11930|NCG00366|NCG03409|NCG02916|NCG07049|NCG01420|NCG00659|NCG02818|NCG15381|NCG01804
The Inkwell,Q7742061,tt0110137,https://www.imdb.com/title/tt0110137,https://www.imdb.com/title/tt0110137/locations?ref_=tt_ql_sm,Rocky Mount|Southport|Wilmington|Swansboro|Kure Beach|Surf City,NCG13021|NCG14304|NCG16454|NCG14893|NCG08323|NCG14847
The Jackal,Q167437,tt0119395,https://www.imdb.com/title/tt0119395,https://www.imdb.com/title/tt0119395/locations?ref_=tt_ql_sm,Wilmington,NCG16454
The Killing Jar,Q3521475,tt1270296,https://www.imdb.com/title/tt1270296,https://www.imdb.com/title/tt1270296/locations?ref_=tt_ql_sm,Charlotte,NCG02916
The Last American Hero,Q1199359,tt0070287,https://www.imdb.com/title/tt0070287,https://www.imdb.com/title/tt0070287/locations?ref_=tt_ql_sm,Hickory|Concord|Gastonia,NCG06925|NCG03409|NCG05736
The Last of the Mohicans,Q144483,tt0104691,https://www.imdb.com/title/tt0104691,https://www.imdb.com/title/tt0104691/locations?ref_=tt_ql_sm,Chimney Rock|Blue Ridge Mountains|Hickory Nut Falls|Biltmore Estate|Blue Ridge Parkway|Chimney Rock Park|Linville Falls|Table Rock Mountain|DuPont State Forest|Inspiration Point|Nolichucky River|Lake James|Pisgah National Forest|Dupont Plant Falls|Greenknob Overlook|Reems Creek|Massacre Valley|North Cove|Asheville|Burke County|Weaverville|Toecane District|Bridal Veil Falls|Hooker Falls,NCG03059|NCG01545|NCG06956|NCG01361|NCG01546|NCG08803|NCG14938|NCG10878|NCG08364|NCG11930|NCG12637|NCG10909|NCG00366|NCG02188|NCG16008|NCG01804
The Legacy of a Whitetail Deer Hunter,Q27703179,tt4762824,https://www.imdb.com/title/tt4762824,https://www.imdb.com/title/tt4762824/locations?ref_=tt_ql_sm,Asheville|Weaverville|Brevard,NCG00366|NCG16008|NCG01781
The List,Q7747533,tt0762115,https://www.imdb.com/title/tt0762115,https://www.imdb.com/title/tt0762115/locations?ref_=tt_ql_sm,Wilmington,NCG16454
The Locket,Q7747967,tt0327016,https://www.imdb.com/title/tt0327016,https://www.imdb.com/title/tt0327016/locations?ref_=tt_ql_sm,Wilmington|Wilmington|Winnabow,NCG16454|NCG16454|NCG16515
The Longest Ride,Q18151890,tt2726560,https://www.imdb.com/title/tt2726560,https://www.imdb.com/title/tt2726560/locations?ref_=tt_ql_sm,Winston-Salem|Wilmington|Jacksonville|Caswell Beach|Wallace,NCG16525|NCG16454|NCG07756|NCG02712|NCG15816
The Marc Pease Experience,Q3521782,tt0913413,https://www.imdb.com/title/tt0913413,https://www.imdb.com/title/tt0913413/locations?ref_=tt_ql_sm,New Hanover County|Wilmington,NCG10740|NCG16454
The Mutilator,Q7752804,tt0124014,https://www.imdb.com/title/tt0124014,https://www.imdb.com/title/tt0124014/locations?ref_=tt_ql_sm,Atlantic Beach,NCG00402
The Odd Life of Timothy Green,Q193963,tt1462769,https://www.imdb.com/title/tt1462769,https://www.imdb.com/title/tt1462769/locations?ref_=tt_ql_sm,Asheville,NCG00366
The Order of the Black Eagle,Q7755312,tt0199912,https://www.imdb.com/title/tt0199912,https://www.imdb.com/title/tt0199912/locations?ref_=tt_ql_sm,Shelby,NCG13724
The Portrait,Q7757820,tt0107859,https://www.imdb.com/title/tt0107859,https://www.imdb.com/title/tt0107859/locations?ref_=tt_ql_sm,Raleigh,NCG12430
The Private Eyes,Q7758400,tt0081376,https://www.imdb.com/title/tt0081376,https://www.imdb.com/title/tt0081376/locations?ref_=tt_ql_sm,Biltmore Estate,NCG01361
The Program,Q826289,tt0107889,https://www.imdb.com/title/tt0107889,https://www.imdb.com/title/tt0107889/locations?ref_=tt_ql_sm,Durham,NCG04584
The Rage: Carrie 2,Q532461,tt0144814,https://www.imdb.com/title/tt0144814,https://www.imdb.com/title/tt0144814/locations?ref_=tt_ql_sm,Dallas|Charlotte,NCG03947|NCG02916
The Remaining,Q18170334,tt2714380,https://www.imdb.com/title/tt2714380,https://www.imdb.com/title/tt2714380/locations?ref_=tt_ql_sm,Wilmington,NCG16454
The Road to Wellville,Q1999631,tt0111001,https://www.imdb.com/title/tt0111001,https://www.imdb.com/title/tt0111001/locations?ref_=tt_ql_sm,Winnabow|Wilmington,NCG16515|NCG16454
The Secret Life of Bees,Q940387,tt0416212,https://www.imdb.com/title/tt0416212,https://www.imdb.com/title/tt0416212/locations?ref_=tt_ql_sm,Lumberton|Watha|Southport,NCG09404|NCG15959|NCG14304
The Shunning,Q2477192,tt1561770,https://www.imdb.com/title/tt1561770,https://www.imdb.com/title/tt1561770/locations?ref_=tt_ql_sm,Winston-Salem,NCG16525
The Swan,Q466390,tt0049815,https://www.imdb.com/title/tt0049815,https://www.imdb.com/title/tt0049815/locations?ref_=tt_ql_sm,Biltmore Estate,NCG01361
The Trial,Q7770137,tt1264115,https://www.imdb.com/title/tt1264115,https://www.imdb.com/title/tt1264115/locations?ref_=tt_ql_sm,Charlotte|Monroe|Historic Union County Courthouse|Union County,NCG02916|NCG10275|NCG15597
The Ultimate Gift,Q1171648,tt0482629,https://www.imdb.com/title/tt0482629,https://www.imdb.com/title/tt0482629/locations?ref_=tt_ql_sm,Charlotte,NCG02916
The World Made Straight,Q57955839,tt2420166,https://www.imdb.com/title/tt2420166,https://www.imdb.com/title/tt2420166/locations?ref_=tt_ql_sm,Asheville,NCG00366
"Three Billboards Outside Ebbing, Missouri",Q24053277,tt5027774,https://www.imdb.com/title/tt5027774,https://www.imdb.com/title/tt5027774/locations?ref_=tt_ql_sm,Sylva|Black Mountain|Maggie Valley|Dillsboro|Cullowhee|Clyde|Asheville,NCG14927|NCG01420|NCG09489|NCG04276|NCG03871|NCG03245|NCG00366
Three in the Attic,Q7797968,tt0063693,https://www.imdb.com/title/tt0063693,https://www.imdb.com/title/tt0063693/locations?ref_=tt_ql_sm,Chapel Hill,NCG02888
Thunder Road,Q3526060,tt0052293,https://www.imdb.com/title/tt0052293,https://www.imdb.com/title/tt0052293/locations?ref_=tt_ql_sm,Asheville,NCG00366
To Gillian on Her 37th Birthday,Q2269039,tt0117924,https://www.imdb.com/title/tt0117924,https://www.imdb.com/title/tt0117924/locations?ref_=tt_ql_sm,Fort Fisher State Historic Site|Kure Beach|Wilmington|Wrightsville Beach,NCG08323|NCG16454|NCG16691
Track 29,Q3536308,tt0096294,https://www.imdb.com/title/tt0096294,https://www.imdb.com/title/tt0096294/locations?ref_=tt_ql_sm,Wilmington|Wrightsville Beach,NCG16454|NCG16691
Takedown,Q992496,tt0159784,https://www.imdb.com/title/tt0159784,https://www.imdb.com/title/tt0159784/locations?ref_=tt_ql_sm,Wilmington,NCG16454
Trick or Treat,Q1650965,tt0092112,https://www.imdb.com/title/tt0092112,https://www.imdb.com/title/tt0092112/locations?ref_=tt_ql_sm,Wilmington,NCG16454
Tune in Tomorrow,Q1425127,tt0100822,https://www.imdb.com/title/tt0100822,https://www.imdb.com/title/tt0100822/locations?ref_=tt_ql_sm,Wilmington,NCG16454
Tusk,Q15139203,tt3099498,https://www.imdb.com/title/tt3099498,https://www.imdb.com/title/tt3099498/locations?ref_=tt_ql_sm,Charlotte,NCG02916
Two Tickets to Paradise,Q200728,tt0463963,https://www.imdb.com/title/tt0463963,https://www.imdb.com/title/tt0463963/locations?ref_=tt_ql_sm,Wilmington,NCG16454
Uncle Frank,Q78224387,tt11327514,https://www.imdb.com/title/tt11327514,https://www.imdb.com/title/tt11327514/locations?ref_=tt_ql_sm,Wilmington|Burgaw,NCG16454|NCG02179
Underworld: Rise of the Lycans,Q755715,tt0834001,https://www.imdb.com/title/tt0834001,https://www.imdb.com/title/tt0834001/locations?ref_=tt_ql_sm,Roxboro,NCG13168
Unrivaled: Earnhardt vs. Gordon,Q64768299,tt9821246,https://www.imdb.com/title/tt9821246,https://www.imdb.com/title/tt9821246/locations?ref_=tt_ql_sm,Charlotte,NCG02916
USS Christmas,Q109914253,tt13341592,https://www.imdb.com/title/tt13341592,https://www.imdb.com/title/tt13341592/locations?ref_=tt_ql_sm,Wilmington,NCG16454
Vacation,Q18155457,tt1524930,https://www.imdb.com/title/tt1524930,https://www.imdb.com/title/tt1524930/locations?ref_=tt_ql_sm,Charlotte,NCG02916
Virus,Q118914,tt0120458,https://www.imdb.com/title/tt0120458,https://www.imdb.com/title/tt0120458/locations?ref_=tt_ql_sm,Wilmington,NCG16454
War Room,Q19427445,tt3832914,https://www.imdb.com/title/tt3832914,https://www.imdb.com/title/tt3832914/locations?ref_=tt_ql_sm,Charlotte|Concord|Boone|Kannapolis,NCG02916|NCG03409|NCG01651|NCG08089
We're the Millers,Q3566895,tt1723121,https://www.imdb.com/title/tt1723121,https://www.imdb.com/title/tt1723121/locations?ref_=tt_ql_sm,Wilmington,NCG16454
Weeds,Q3795747,tt0094304,https://www.imdb.com/title/tt0094304,https://www.imdb.com/title/tt0094304/locations?ref_=tt_ql_sm,Wilmington|Durham|Lillington,NCG16454|NCG04584|NCG08754
Weekend at Bernie's,Q1545129,tt0098627,https://www.imdb.com/title/tt0098627,https://www.imdb.com/title/tt0098627/locations?ref_=tt_ql_sm,Wrightsville Beach|Southport|Harnett|Kure Beach|Wilmington,NCG16691|NCG14304|NCG06615|NCG08323|NCG16454
Where the Lilies Bloom,Q17049853,tt0072401,https://www.imdb.com/title/tt0072401,https://www.imdb.com/title/tt0072401/locations?ref_=tt_ql_sm,Watauga County|Blowing Rock|Elk Park|Boone|West Jefferson|Lansing|Banner Elk,NCG15928|NCG01533|NCG04846|NCG01651|NCG16117|NCG08476|NCG00617
Winter People,Q2584949,tt0098659,https://www.imdb.com/title/tt0098659,https://www.imdb.com/title/tt0098659/locations?ref_=tt_ql_sm,Asheville|Avery County|Plumtree,NCG00366|NCG00439|NCG11988
Witness Insecurity,Q8028390,tt1663708,https://www.imdb.com/title/tt1663708,https://www.imdb.com/title/tt1663708/locations?ref_=tt_ql_sm,Charlotte|China Grove|Kannapolis|Landis|Lexington|Salisbury,NCG02916|NCG03065|NCG08089|NCG08451|NCG08709|NCG13279
Words on Bathroom Walls,Q56604167,tt8045906,https://www.imdb.com/title/tt8045906,https://www.imdb.com/title/tt8045906/locations?ref_=tt_ql_sm,Wilmington,NCG16454
Year of the Dragon,Q471932,tt0090350,https://www.imdb.com/title/tt0090350,https://www.imdb.com/title/tt0090350/locations?ref_=tt_ql_sm,Wilmington,NCG16454
